CREATE TABLE property (
	id int4 NOT NULL GENERATED BY DEFAULT AS IDENTITY,
	name varchar NOT NULL,
	"type" varchar NOT NULL,
	description varchar NOT NULL,
	rank int4 NULL DEFAULT 2147483647
);

CREATE TABLE rule (
	id int4 NOT NULL GENERATED BY DEFAULT AS IDENTITY,
	name varchar NOT NULL,
	target varchar NOT NULL
);

CREATE TABLE rule_property_link (
	id int4 NOT NULL GENERATED BY DEFAULT AS IDENTITY,
	rule_id int4 NOT NULL,
	property_id int4 NOT NULL,
	property_value jsonb NOT NULL,
	is_any_applied bool NOT NULL DEFAULT false,
	operation varchar(24) NOT NULL DEFAULT 'EQUALS'
);

INSERT INTO property (id, name, "type", description, rank)
VALUES (1, 'medicalEntityID', 'текст', 'ИД ЛПУ', '1'),
       (2, 'roleID', 'текст', 'ИД роли пользователя', '2'),
       (3, 'newUI', 'логический(true/false)', 'NewUI', '3'),
       (4, 'availableResourceId', 'текст', 'ИД Доступного ресурса', '2147483647'),
       (5, 'complexResourceId', 'текст', 'ИД Комплексного ресурса', '2147483647');

INSERT INTO rule (id, name, target)
VALUES (1, 'переход в АРМ врача', '/web/accessPoint/index.api'),
       (2, 'переход в АРМ заведующего отделением', '/web-department-manager/accessPoint/index.api'),
       (3, 'переход в АРМ специалиста по ЗК', '/web-specialist-llo-app/accessPoint/index.api'),
       (4, 'переход в АРМ специалиста УФ ДЗМ', '/web-specialist-llo-app/accessPoint/index.api'),
       (5, 'переход в АРМ администратора ЛЛО', '/web-admin-llo-app/accessPoint/index.api'),
       (7, 'переход в АРМ Регистратора', '/web-registrator/accessPoint/index.api'),
       (8, 'переход в АРМ Ответственного', '/web-attacher/accessPoint/index.api');

INSERT INTO rule_property_link (id, rule_id, property_id, property_value, is_any_applied)
VALUES (1, '1', '1', '["1"]', true),
       (2, '1', '2', '["1"]', false),
       (3, '1', '3', '["1"]', false),
       (4, '1', '4', '["1"]', false),
       (5, '1', '5', '["1"]', false),
       (6, '2', '1', '["1"]', true),
       (7, '2', '2', '["27"]', false),
       (8, '2', '3', '["1"]', false),
       (9, '3', '1', '["1"]', true),
       (10, '3', '2', '["101"]', false),
       (11, '3', '3', '["1"]', false),
       (12, '4', '1', '["1"]', true),
       (13, '4', '2', '["100"]', false),
       (14, '4', '3', '["1"]', false),
       (15, '5', '1', '["1"]', true),
       (16, '5', '2', '["21"]', false),
       (17, '5', '3', '["1"]', false),
       (18, '7', '1', '["1"]', true),
       (19, '7', '2', '["5", "20", "7", "41"]', false),
       (20, '7', '3', '["1"]', false),
       (21, '8', '1', '["1"]', true),
       (22, '8', '2', '["40"]', false),
       (23, '8', '3', '["1"]', false);
